keyword,bucket,ma_volume,ma_chance,ma_apps,ma_rank,ma_reach
instagram,BRAND,100,15,249,51,995332
insta,BRAND,75,25,249,30,20682
ig,BRAND,74,16,250,53,17718
instagram unfollowers,CORE,62,62,248,7,2787
inst,BRAND,60,28,250,63,—
unfollow for instagram,CORE,60,65,248,6,2052
unfollow: for instagram,CORE,60,77,225,6,2052
followers and unfollowers,JOB,58,71,247,4,1513
instgram,BRAND,58,15,247,50,1513
instagram followers,CORE,57,67,249,6,1300
instagra,BRAND,56,39,249,24,—
instagram followers tracker,CORE,56,64,248,5,1117
followers,JOB,55,71,249,4,961
ig followers,CORE,55,62,249,5,961
reports,JOB,55,77,249,3,961
followers for instagram,CORE,54,69,249,4,827
followers tracker,JOB,54,71,247,3,827
reports followers,JOB,54,75,249,2,827
unfollow tracker,JOB,54,71,248,5,827
instagram lite,BRAND,53,28,250,87,712
my followers,JOB,53,75,246,3,712
imstagram,BRAND,52,15,247,50,614
inestagram,BRAND,52,15,248,50,614
tracker,JOB,52,59,250,98,614
unfollowers,JOB,52,72,247,10,614
inesta,BRAND,51,25,249,30,529
instafollow,CORE,51,71,249,6,529
instag,BRAND,51,38,250,49,529
intagram,BRAND,51,15,248,50,529
istagram,BRAND,51,15,248,50,529
gram,BRAND,50,56,250,212,457
instagram tracker,CORE,50,77,246,3,457
my follower,JOB,50,72,250,5,457
myblock,JOB,50,78,250,74,—
track,JOB,50,75,250,121,457
unfollow,JOB,50,71,249,9,457
finsta,BRAND,49,26,62,14,—
follow,JOB,49,67,247,4,395
insight,JOB,49,87,248,52,395
myfollowers,JOB,49,77,248,3,395
instagran,BRAND,48,15,247,50,342
instagr,BRAND,47,36,249,66,297
instagram plus,BRAND,47,21,249,2,297
ispy,JOB,47,89,250,59,—
unfollow instagram,CORE,47,82,226,6,297
who unfollowed me on instagram,CORE,47,75,248,6,297
followmeter,JOB,46,71,248,5,258
ig unfollowers app free,CORE,46,66,223,15,258
imsta,BRAND,46,25,247,30,258
indta,BRAND,46,31,248,29,258
instageam,BRAND,46,15,248,50,258
inta,BRAND,46,30,250,62,258
i̇nstagram,BRAND,46,16,250,110,258
theghost,JOB,46,79,248,152,—
unblock me,JOB,46,70,250,81,—
ansta,BRAND,45,25,247,31,225
follow me,JOB,45,98,238,13,225
followers insight,JOB,45,87,247,3,225
free instagram followers,CORE,45,85,223,24,225
indtagram,BRAND,45,15,248,51,225
tracking,JOB,45,66,250,76,225
feed preview,JOB,44,98,249,102,—
follower analyzer for instagram,CORE,44,70,161,3,196
followers report,JOB,44,82,241,5,196
i stagram,BRAND,44,15,248,50,196
insa,BRAND,44,68,248,48,—
instagram insights,CORE,44,67,208,3,196
instragram,BRAND,44,15,247,50,196
my followers for instagram,CORE,44,66,129,4,196
non followers instagram,CORE,44,77,222,6,196
track instagram followers,CORE,44,77,232,5,196
who doesnt follow me back,JOB,44,75,88,5,196
follow unfollow instagram,CORE,43,81,235,7,172
free instagram unfollow,CORE,43,77,243,8,172
instagram unfollow tracker,CORE,43,76,244,5,172
instagrm,BRAND,43,15,248,50,172
instagrsm,BRAND,43,15,248,50,172
instatroid,BRAND,43,76,65,5,172
ista,BRAND,43,42,250,78,172
not following back instagram,CORE,43,75,245,7,172
unfollower tracker instagram,CORE,43,77,169,14,172
ensta,BRAND,42,50,187,30,151
follow track instagram,CORE,42,80,242,6,151
followers unfollowers,JOB,42,78,172,10,151
free followers for instagram,CORE,42,78,125,11,151
free unfollowers app for instagram,CORE,42,67,189,14,151
gost tracker,JOB,42,92,247,100,151
ig followers unfollow tracker,CORE,42,75,249,4,151
ig tracker,CORE,42,76,247,6,151
inatagram,BRAND,42,15,248,52,151
insatgram,BRAND,42,15,247,50,151
instagram followers tracker free,CORE,42,70,157,6,151
instagram for ipad,BRAND,42,61,208,90,151
instagram viewers,CORE,42,81,238,4,151
instagtam,BRAND,42,16,248,54,151
instsgram,BRAND,42,15,248,50,151
insya,BRAND,42,28,248,29,151
profile view instagram,CORE,42,79,237,10,151
unfollow tracker myfollowers,JOB,42,74,190,9,151
cleaner for instagram,BRAND,41,89,248,11,133
follow tracker,JOB,41,75,245,4,133
followers tracker for instagram,CORE,41,70,163,5,133
ig analyzer,BRAND,41,82,243,5,133
inista,BRAND,41,25,249,30,133
inistagram,BRAND,41,15,247,50,133
insta follow,CORE,41,70,249,6,133
insta tracker,CORE,41,76,245,2,133
instagram stories,BRAND,41,72,240,27,133
instagram unfollowers free,CORE,41,70,182,8,133
instagram update,BRAND,41,16,249,94,133
mass unfollow instagram,CORE,41,83,232,10,133
reports for instagram,CORE,41,80,235,3,133
reports: for instagram,CORE,41,91,202,3,133
top follow,JOB,41,83,241,7,133
unfollow for instagram free,CORE,41,77,245,9,133
unfollow: for instagram free,CORE,41,73,182,14,133
who follows me back,JOB,41,76,245,4,133
dont follow back,JOB,40,80,247,9,117
follower analyzer,JOB,40,87,242,5,117
follower tracker,JOB,40,77,242,6,117
i spy,JOB,40,88,243,117,—
ifollowers,JOB,40,81,236,3,117
insagram,BRAND,40,15,248,51,117
insta followers,CORE,40,81,216,9,117
insta gram,BRAND,40,15,247,50,117
insta unfollower,CORE,40,75,242,5,117
instagram followers booster,CORE,40,85,247,20,117
instagram inc,BRAND,40,51,239,109,117
instagram reels,BRAND,40,48,232,89,—
instagram tracker free,CORE,40,77,247,5,117
instagram unfollow,CORE,40,76,231,5,117
instagrams,BRAND,40,48,133,41,—
instasaver,BRAND,40,86,236,161,—
i̇nst,BRAND,40,29,249,30,117
see who views your instagram,CORE,40,66,168,11,117
topfollow tags,JOB,40,88,249,6,117
topview,JOB,40,92,250,77,117
unfollowers for instagram,CORE,40,68,170,8,117
follow meter,JOB,39,77,247,5,104
followers app,JOB,39,81,239,4,104
instagram pro,BRAND,39,31,155,19,104
instagram reports,CORE,39,76,237,3,104
instaram,BRAND,39,15,248,51,104
instegram,BRAND,39,15,248,50,104
instgaram,BRAND,39,15,247,51,104
lnstagram,BRAND,39,15,248,50,104
report,JOB,39,81,249,2,104
stagram,BRAND,39,30,165,130,—
xview,JOB,39,93,227,15,104
instagram ipad,BRAND,33,56,201,32,56
track followers for instagram,CORE,33,72,155,7,56
lost followers for instagram,CORE,31,67,144,5,48
buy followers,JOB,30,90,248,17,45
follower,JOB,30,75,242,3,45
ig followers tracker,CORE,30,77,237,4,45
inata,BRAND,30,41,186,105,45
instagram post maker,BRAND,30,73,249,145,—
instahram,BRAND,30,15,249,51,45
insts,BRAND,30,46,191,83,45
track insta followers for gram,CORE,30,75,250,3,45
who viewed my instagram,CORE,30,78,166,8,45
analytics,JOB,29,82,247,53,—
cleaner for ig,BRAND,29,87,247,14,42
follower track for instagram,CORE,29,70,161,6,42
get followers for instagram,CORE,29,92,211,21,42
instagram direct,BRAND,29,35,233,3,42
insyagram,BRAND,29,15,247,50,42
analytics insta,CORE,28,86,247,3,40
followmeter for instagram,CORE,28,69,246,4,40
get instagram followers,CORE,28,98,210,14,40
ghost followers on instagram,CORE,28,73,151,8,40
insra,BRAND,28,28,246,29,40
instagram follow back,CORE,28,81,230,15,40
instagrma,BRAND,28,15,247,51,40
instasaver for instagram,BRAND,28,84,247,62,—
instergram,BRAND,28,15,247,50,40
libreview,JOB,28,75,249,40,—
no contact tracker free,JOB,28,98,250,58,40
profile tracker,JOB,28,92,250,10,40
track number,JOB,28,94,250,236,—
view,JOB,28,83,242,168,—
block story,JOB,27,90,250,63,—
followers insight for instagram,CORE,27,67,159,2,37
followers tracker pro,JOB,27,72,183,6,37
follwers,JOB,27,71,249,4,37
free ig followers,CORE,27,80,238,17,37
insights,JOB,27,79,249,11,37
instagram follower,CORE,27,68,160,6,37
instagram followers unfollowers,CORE,27,76,160,11,37
instagram see who unfollowed you,CORE,27,38,181,15,37
nsta,BRAND,27,30,250,63,37
onstagram,BRAND,27,15,248,51,37
buy instagram followers,CORE,26,86,234,24,36
followers instagram,CORE,26,81,212,4,36
ibsta,BRAND,26,28,247,29,36
insgram,BRAND,26,15,248,51,36
instageram,BRAND,26,18,214,51,36
instagram analytics,CORE,26,81,232,4,36
instagram live,BRAND,26,49,193,86,—
isnta,BRAND,26,25,248,31,36
no crop for instagram,BRAND,26,85,200,42,—
onsta,BRAND,26,28,247,29,36
seguidores en instagram,BRAND,26,74,242,9,36
unfollower,JOB,26,72,248,8,36
followers assistant,JOB,25,86,250,8,34
insta follower,CORE,25,74,228,8,34
instagarm,BRAND,25,15,248,51,34
instagram app,BRAND,25,23,158,78,34
instagram follower tracker,CORE,25,76,227,4,34
instagram post,BRAND,25,79,245,123,—
instagram unfollower,CORE,25,77,239,6,34
intagran,BRAND,25,15,247,50,34
isntagram,BRAND,25,15,249,52,34
nstagram,BRAND,25,72,118,83,34
report followers unfollowers,JOB,25,75,178,2,34
social ghost,JOB,25,86,249,16,34
anstagram,BRAND,24,15,248,50,33
ghost tracker,JOB,24,92,247,125,—
hudl fan find watch follow,JOB,24,41,238,43,33
ig reports,CORE,24,81,246,1,33
insight timer free,JOB,24,86,249,33,—
insragram,BRAND,24,15,247,50,33
instafollow for instagram,CORE,24,67,153,8,33
instagram template,BRAND,24,82,243,184,—
instgra,BRAND,24,16,246,53,33
my followers and unfollowers,JOB,24,71,164,8,33
my tracker,JOB,24,81,249,123,33
report it,JOB,24,98,234,192,33
report king,JOB,24,91,98,2,—
topfollow,JOB,24,84,245,8,33
update insta,BRAND,24,37,241,15,—
update instagram,BRAND,24,28,165,53,33
anstgram,BRAND,23,15,246,51,32
descargar instagram,BRAND,23,76,163,26,32
followers tracker instagram,CORE,23,82,227,5,32
ghost hunter,JOB,23,87,246,184,—
ifollow,JOB,23,94,210,6,—
instafeet,BRAND,23,77,249,21,32
instagramm,BRAND,23,80,94,21,—
nfollowers,JOB,23,81,250,4,32
track view,JOB,23,98,249,182,32
enstagram,BRAND,22,15,248,50,31
followers plus,JOB,22,85,236,5,31
following,JOB,22,77,248,3,31
free unfollow,JOB,22,92,250,11,31
inestageram,BRAND,22,15,248,63,31
insta story,BRAND,22,85,236,69,—
instagam,BRAND,22,15,248,50,31
instagram app for iphone,BRAND,22,24,174,54,31
instagram story,BRAND,22,77,240,32,—
install,BRAND,22,81,245,204,—
instargram,BRAND,22,68,79,58,—
instigram,BRAND,22,15,248,50,31
instq,BRAND,22,52,175,72,31
block de notas,JOB,21,98,248,191,—
fake followers,JOB,21,89,245,18,30
follow app,JOB,21,68,240,4,30
get followers,JOB,21,98,229,16,30
ig unfollow,CORE,21,78,246,8,30
instagram business,BRAND,21,33,243,30,—
instagram instagram,BRAND,21,54,189,9,30
instagram unfollowers tracker,CORE,21,82,235,15,30
instagrame,BRAND,21,68,100,40,—
instapro,BRAND,21,52,245,18,30
instead,BRAND,21,52,231,88,30
itrack,JOB,21,98,250,211,—
nonfollowers,JOB,21,82,250,24,30
on track,JOB,21,98,245,101,—
unfollowers and followers,JOB,21,74,172,7,30
blocked,JOB,20,93,249,24,—
followers track for instagram,CORE,20,76,165,3,29
free instagram app,BRAND,20,73,223,4,29
ig story templates,BRAND,20,87,248,172,—
insta down,BRAND,20,81,242,39,—
insta lite,BRAND,20,35,217,105,29
instagram cleaner,BRAND,20,87,247,26,29
instagram feed,BRAND,20,98,234,143,29
istagran,BRAND,20,15,246,51,29
stat tracker,JOB,20,98,248,115,—
top view,JOB,20,98,161,54,29
tracking number,JOB,20,83,250,215,29
